id,title,author,subreddit,text,score,created_utc,url
1k9smg8,Spain and Portugal suffer a massive power outage,DvD_Anarchist,europe,,23116,2025-04-28 10:53:27,https://cadenaser.com/nacional/2025/04/28/espana-sufre-un-apagon-electrico-masivo-en-todo-el-pais-cadena-ser/
1k9t07t,Large parts of Spain and Portugal hit by power outage,BlatantConservative,worldnews,,7979,2025-04-28 11:16:20,https://news.sky.com/story/large-parts-of-spain-and-portugal-hit-by-power-outage-13357374
1k9t1f5,Spain and Portugal hit by massive power outage,lazycalm2,conspiracy,,317,2025-04-28 11:18:19,https://i.redd.it/ta3kj0bw7kxe1.png
1k9t49s,Large parts of Spain and Portugal hit by power outage,Jamaica_Super85,news,,3237,2025-04-28 11:22:52,https://news.sky.com/story/large-parts-of-spain-and-portugal-hit-by-power-outage-13357374
1ka8qpc,"Spain and Portugal nationwide electrical outage: 60% of the power that was being consumed ""suddenly"" disappeared",RealToiletPaper007,europe,,4614,2025-04-28 22:39:10,https://elpais.com/espana/2025-04-28/pedro-sanchez-todavia-se-estan-estudiando-las-causas-es-mejor-no-especular.html
1k9x6o0,Spain-Portugal Power Outage,Known_Leek8997,collapse,"Please use this thread to discuss the Spain-Portugal Power Outage events. 

See [BBC live thread](https://www.bbc.com/news/live/c9wpq8xrvd9t) for updates. 

All separate posts will be removed and redirected here",588,2025-04-28 14:40:31,https://www.reddit.com/r/collapse/comments/1k9x6o0/spainportugal_power_outage/
1k9u9aa,"Is it just me, or do the recent widespread power outages in Portugal, Spain, and parts of France seem suspicious?",Agreeable_Drama_2545,conspiracytheories,"I‚Äôve been following the news about the large-scale power outages that hit Portugal, Spain, and even parts of France. Official reports are still vague about the cause, mostly pointing to ‚Äútechnical failures‚Äù or ‚Äúgrid instability.‚Äù But given the current geopolitical climate, I can‚Äôt help but wonder if there‚Äôs more to it.

Could this be the result of coordinated cyberattacks?
We know that state-sponsored hacker groups, especially from Russia, have been increasing their cyber operations across Europe. Targeting the power grid would be a strategic move - it causes chaos without direct military engagement, and it sends a clear message without a shot being fired.

The timing also feels a bit too convenient, with growing tensions between Russia and Western Europe over various political and economic issues.

I‚Äôm not saying I have proof, but the pieces seem to fit. What do you think? Is this just an unfortunate coincidence, or could there be a hidden cyberwar going on right under our noses?

Would love to hear your thoughts.",136,2025-04-28 12:25:35,https://www.reddit.com/r/conspiracytheories/comments/1k9u9aa/is_it_just_me_or_do_the_recent_widespread_power/
1k9tcyv,‚Äã‚ö†Ô∏è Major Power Outages Across Western Europe ‚Äî Stay Alert and Prepared,Content_NoIndex,EuroPreppers,"As of today, April 28, 2025, vast regions of Spain and Portugal have experienced widespread electrical blackouts, resulting in significant disruptions to daily life. The outages have affected key infrastructure, including airports and metro systems in major cities, leading to significant disruptions in transportation and communication. ‚Äã

The cause of the blackout remains unspecified, and the situation is still unfolding. Authorities are working to restore power and stabilize affected systems. ‚Äã

Given the scale of these outages, it's a timely reminder for everyone to review their preparedness plans:‚Äã

Ensure you have sufficient water and non-perishable food supplies.
Keep flashlights, batteries, and other emergency lighting sources accessible.
Charge mobile devices and power banks.
Stay informed through reliable news sources and official announcements.
For those in unaffected regions, consider this an opportunity to assess and enhance your emergency preparedness.‚Äã

Stay safe and vigilant.",225,2025-04-28 11:36:39,https://www.reddit.com/r/EuroPreppers/comments/1k9tcyv/major_power_outages_across_western_europe_stay/
1k9zco4,Countries hit by power outage today (Spain and Portugal are completely without power),Trebonianus,MapPorn,,0,2025-04-28 16:09:07,https://i.redd.it/9hxm285vnlxe1.jpeg
1ka430t,Passengers evacuating high-speed trains after the power outage in Spain,overspeeed,europe,,3910,2025-04-28 19:21:26,https://i.redd.it/xn53lt70mmxe1.jpeg
1k9yhch,People evacuating high-speed trains after total power outage in Spain & Portugal,overspeeed,trains,,1820,2025-04-28 15:34:16,https://v.redd.it/94s2rozhclxe1
1ka1yxp,Massive Power Outage Is Causing Havoc in Portugal and Spain,chrisdh79,technews,,963,2025-04-28 17:55:29,https://gizmodo.com/massive-power-outage-is-causing-havoc-in-portugal-and-spain-2000595198
1k9y24f,People evacuating high-speed trains after total power outage in Spain & Portugal,overspeeed,highspeedrail,"At around 12:30 CET Spain & Portugal have suffered a total power outage. It's not just railways the entire country has lost all power: traffic lights don't work, many supermarkets have closed, phone systems and hospitals switched to backup generators. The Spanish grid operator expects power to be restored between 9PM and 1AM

The power outage also means that trains have come to a stop, there are reports of people stuck in metro tunnels for hours, likewise many high-speed rail passengers are stuck in the middle of nowhere. Spain is relatively sparsely populated in-between cities so there aren't many places to go to.

[Video Source 1](https://x.com/SolanaSensei/status/1916842255458898115)  
[Video Source 2](https://x.com/miadulcebebe/status/1916846048758190229)",1132,2025-04-28 15:16:50,https://v.redd.it/94s2rozhclxe1
1k9yr22,The Grid frequency in Germany dropped during the start of the power outage in Spain,Apfel567,interesting,,924,2025-04-28 15:45:29,https://i.redd.it/x7sil04fjlxe1.png
1k9tg7e,Large parts of Spain and Portugal hit by power outage,_rihter,PrepperIntel,,557,2025-04-28 11:41:46,https://www.reuters.com/world/europe/large-parts-spain-portugal-hit-by-power-outage-2025-04-28/
1ka04r3,Maintenance worker stuck amidst total power outage in Spain and Portugal,StrongAdhesiveness86,interestingasfuck,,663,2025-04-28 16:41:11,https://i.redd.it/qgp1rrpjtlxe1.png
1ka6o45,A failure of the interconnection between the grids of Spain and France caused the massive power outage that hit most of the Iberian Peninsula on Monday,Kataoaka,europe,,499,2025-04-28 21:08:56,https://www.lavanguardia.com/vida/20250428/10624921/apagon-general-luz-espana-ultima-hora-en-directo.html
1k9tsoi,"Spain, Portugal and parts of France hit by massive power outage",geoxol,technology,,351,2025-04-28 12:01:15,https://www.euronews.com/my-europe/2025/04/28/spain-portugal-and-parts-of-france-hit-by-massive-power-outage
1ka2av2,Get a radio. Now.,flowerlovingatheist,TwoXPreppers,"I cannot stress this enough.

I believe I haven't seen it mentioned on this subreddit yet, but today, 28 Apr 2025, there was a power outage in all of the Iberian peninsula ‚Äì the entirety of the Iberian territories of Portugal and Spain, and even parts of Northern France, were completely left without power. I do not live there, but I have a friend who does.

I talked with her over text after her area regained power, and one of the things that struck out to me is how absolutely helpless you'd be in that situation. Most people do not realise how much we depend on electricity. And when we lose it, the consequences are greater than many would expect. Panic. Misinformation. Fearmongering. Civil unrest.

Why does this happen? Simple. Although network-distributing antennae are generally connected to backup generators, in emergency situations, they get throttled to prioritise more important connections. People find themselves unable to get access to any kind of information. My friend couldn't text anyone or find out what was happening.

What helped her? An old radio she found in some dusty closet. Because even when there is no power, radios continue working. Getting inteligence is extremely important in these sorts of situations. I know it may sound cringey, but the phrase ‚Äúknowledge is power‚Äù really does apply here. In this case, the outage didn't last that long, but what if It had? How would my friend have been aware of the current situation, how would she have informed herself of whether there might be riots, despertate robbers, vandals, whether infrastructure continued to retain its integrity, whether public service and healthcare were active, whether there was an imminent threat to safety?

I'm not even talking about an amateur radio or anything alike, although that would probably be good too. Just your average cheap ¬£10 AM/FM radio you can easily find in any electronics shop. Yes, that shitty looking thing powered on AAAs is better than nothing. Do it. Purchase it now. Right now. Because access to information is the most important factor in emergencies. Without access to information, you are no one. And you *really* don't want to wait until it's too late.

Edit: to all of the geniuses telling people to use the radio in their cars with a condescending tone as if it was so obvious, here in Europe we actually have a stable system of proper public transportation in contrast to the US, which means that many people do not own cars, simply because they don't need them. Stop assuming everything is like it is in your country. Not to mention that sources of information should always be portable. You aren't sounding as smart as you think you are.",3996,2025-04-28 18:08:19,https://www.reddit.com/r/TwoXPreppers/comments/1ka2av2/get_a_radio_now/
1ka6il1,"There is a massive power outage in Spain today. Luckily, I have my D4V2.",xXZoulocKXx,flashlight,D4V2 Ti with SST-20 4000K and frosted optics.,567,2025-04-28 21:02:30,https://i.redd.it/jvjne4854nxe1.jpeg
1kagjkh,Passengers evacuating high-speed trains after the power outage in Spain,Sayko_0,drehscheibe,,381,2025-04-29 05:34:29,https://i.redd.it/xn53lt70mmxe1.jpeg
1k9xanw,"Major power outage in Spain and Portugal knocks out subway networks, traffic lights and ATM machines",BothZookeepergame612,europe,,124,2025-04-28 14:45:10,https://apnews.com/article/spain-portugal-power-outage-electricity-b0c5fbca49b8422248c4f933e20303b3
1karsrv,"Spain experienced a nationwide power outage one week after reaching 100% ""green"" energy. Come enjoy the ironic videos.",M_i_c_K,walkaway,,411,2025-04-29 16:11:42,https://notthebee.com/article/spain-experienced-a-nationwide-power-outage-three-years-after-it-celebrated-the-end-of-its-nuclear-power-come-enjoy-the-ironic-videos
1kao3gd,"6 Days After Celebrating '100% Renewable Power', Spain Blames ""Rare Atmospheric Phenomenon"" For Nation's Largest Power Outage In History",triggernaut,Conservative,,192,2025-04-29 13:35:31,https://www.gulf-insider.com/spains-largest-blackout-in-history/
1k9u1j3,Massive power cut in Spain and Portugal causes traffic light outages and train cancellations,mpanase,ElectricalEngineering,"There's still no info about the cause. 

I'd like to hear some theories as a learning experience, though. What could possibly cause a country-wide blackout? ",70,2025-04-28 12:14:16,https://www.bbc.co.uk/news/live/c9wpq8xrvd9t
1k9xii7,"Spain-Portugal power outage latest: Power cut chaos in Spain and Portugal caused by 'rare' atmospheric phenomenon, says operator",Alex09464367,anime_titties,,227,2025-04-28 14:54:20,https://www.bbc.co.uk/news/live/c9wpq8xrvd9t
1k9wmma,Rare atmospheric phenomenon - Spain/Portugal power outage,Syrecmils_lew,conspiracy,What on earth is this? Will it spread? https://news.sky.com/story/spain-portugal-power-outage-latest-large-parts-of-countries-affected-with-traffic-lights-not-working-and-phone-lines-down-13357538 ,100,2025-04-28 14:16:23,https://www.reddit.com/r/conspiracy/comments/1k9wmma/rare_atmospheric_phenomenon_spainportugal_power/
1kaqlxm,Preparing for Major Power Outage in Portugal & Spain,coniunctisumus,digitalnomad,"There was a major power outage in all of Portugal in Spain yesterday (28 April) and I almost had to sleep on the street in Porto.

Flying by the seat of your pants is fun and easy, but it only works if all the services we take for granted are working as expected.

I've reflected on this situation and how to prepare for future emergency-type scenarios.

**This was my situation:**

* Very little cash, only enough to buy some peanuts and a few bus tickets (bad move, I usually carry a few hundred in emergency money, even though money changers weren't working)
* No offline map (I thought I had already downloaded one for Porto)
* Did not communicate with my host (leading them to cancel my booking and book my spot)\* 
* No internet for navigation
* No ATMs (internet down)
* I definitely did not want to be out on the street in a city I didn't know at night with no lighting

I found a hotel, but they would only accept cash (no IOUs allowed).

**How I'd prepare for future emergencies:** 

* Have some emergency cash
* Always have emergency travel insurance: If the blackout lasted longer, I would want a flight out of this country ASAP. In that scenario, flights would be super expensive, better to have insurance cover it.
* Carry a power bank and download offline maps/resources you might need
* When I'm settled, in accommodation, always have a few liters of water, at least
* Carry extra supply of prescription medication, if needed
* Have some extra food, a few Clif bars or *something*

It was only possible to buy food with cash. Metro and Uber didn't work. Taxis worked if they knew your destination's address and if you could pay by cash.

People had to navigate by public transport and using a map, which they weren't used to. Younger people looked lost without internet. Older people pulled out a map and knew what to do.

Some travelers I talked to were genuinely freaking out because they couldn't speak anything of the local language. So, this is something to keep in mind, too.

Inter-city transport like trains and buses weren't running. Only public city buses.

Overall, this emergency was short-lived and manageable. If it had lasted longer, I could easily see how civility could have broken down quickly.

Luckily the weather was fine, if it was hot outside I imagine people would have had a short temper.

There were some tense moments in the airport. Some people tried to skip in the long line of people waiting in a long line at the bus stop, a fight almost broke out.

Of course, there are already basic emergency guidelines. All the preppers have already done all the work for us. However, I've been thinking how to adapt this for a nomadic situation.

**Let me know your thoughts or something that I missed!**

  
\* My accommodation cancelled my booking because I arrived a day late (flight was cancelled). I was refunded. Ended up staying at the same place because someone else cancelled, too.",71,2025-04-29 15:23:18,https://www.reddit.com/r/digitalnomad/comments/1kaqlxm/preparing_for_major_power_outage_in_portugal_spain/
1ka743l,What could have caused the major power outage in Spain and Portugal?,Dystopics_IT,europe,,53,2025-04-28 21:27:33,https://www.euronews.com/next/2025/04/28/what-could-have-caused-the-major-power-outage-in-spain-and-portugal-experts-weigh-in
1k9ts93,"How self reliant are we for electrcity? (Huge power outage strikes Spain, Portugal and France)",Sea-Performer-4454,askswitzerland,"**How self-reliant are we (Switzerland) for electricity?**

>Huge power outage strikes Spain, Portugal and France: Entire cities plunged into blackouts, transport networks shut down and internet is cut off in scenes of mayhem...

[https://www.dailymail.co.uk/news/article-14655567/power-outage-Spain-Portugal-travel-chaos.html](https://www.dailymail.co.uk/news/article-14655567/power-outage-Spain-Portugal-travel-chaos.html)",42,2025-04-28 12:00:38,https://www.reddit.com/r/askswitzerland/comments/1k9ts93/how_self_reliant_are_we_for_electrcity_huge_power/
1kawvwb,"Spain has just experienced a 10-hour blackout. If something like it happened in the UK, especially in London, how do you think it would have played out?",Poch1212,AskUK," Spain has just experienced an unprecedented 10-hour power outage. Instead of panicking, many people took to the streets, dancing and drinking beer together ‚Äî something usually prohibited in public spaces. However, this time the police tolerated the celebrations, understanding the unusual circumstances.


What would happen in the UK?

Edit:

Something i notice everyone went to streets, there was nothing to do no phones no TV no consol√©, so people literally met their Community for the first time 

Edit2:
Many people IS asking why police ""tolerated"" celebrations

Well, you can get arrested for eating pizza in Spain

https://www.elconfidencial.com/alma-corazon-vida/2015-07-29/jovenes-lucena-multa-pizza-refrescos-cordoba_947110/#:~:text=Han%20recibido%20una%20multa%20por,por%20su%20'inocente%20delito'.",898,2025-04-29 19:39:30,https://www.reddit.com/r/AskUK/comments/1kawvwb/spain_has_just_experienced_a_10hour_blackout_if/
1k9skeq,Power outage,UnderstandingDry7698,AskBarcelona,What's happening with electricity in Spain? Anyone knows anything?,27,2025-04-28 10:49:49,https://www.reddit.com/r/AskBarcelona/comments/1k9skeq/power_outage/
1karhzo,"Yesterday, there was a power outage in Spain, and I decided to explore my neighborhood in search of the best spots to read Azumanga Daioh",Garcike_,AzumangaPosting,,233,2025-04-29 15:59:49,https://www.reddit.com/gallery/1karhzo
1kb6pkr,Net zero.,External-Noise-4832,conspiracy,"[**Reuters**](https://archive.is/VgaJa) ‚Äî Spain and Portugal switched their power back on after the worst blackout in their history, though authorities offered little explanation for what had caused it or how they would prevent it happening again.

Traffic lights were back on, train and metro services slowly returned and schools reopened. Commuters battled with delays to get back to work after an outage that had left people stranded in lifts and cut off from phone contact with their families.
",1709,2025-04-30 03:15:31,https://i.redd.it/jnbyku2o3wxe1.jpeg
1k9uov6,Major outage in Spain and Portugal,Grouchy_Shelter_2054,Grid_Ops,"Will be interesting watching this unfold.

https://apnews.com/article/spain-portugal-power-outage-electricity-b0c5fbca49b8422248c4f933e20303b3",32,2025-04-28 12:47:08,https://www.reddit.com/r/Grid_Ops/comments/1k9uov6/major_outage_in_spain_and_portugal/
1k9vwro,MMW: Russia is the party responsible for the power outages in Spain and Portugal,Agreeable_Candle_461,MarkMyWords,"This is too big to be a coincidence. Spain and Portugal suffered a blackoutrefently in case yall were unaware. The Netherlands, on the same day, suffered a cyber attack on multiple provinces, with the perpetrator being Russia.


Has Russia won the information war to the point they orcharastrated a cyber attack and a power blackout on the same day? Idk what do you guys think? A coincidence or nah?",91,2025-04-28 13:45:19,https://www.reddit.com/r/MarkMyWords/comments/1k9vwro/mmw_russia_is_the_party_responsible_for_the_power/
1kaagi0,How did the power outage affect pilgrims on the Camino?,Altered_Priest,CaminoDeSantiago,"Hey all you peregrinos and peregrinas!  I‚Äôm curious if anyone experienced disruptions from the power outage in Spain and Portugal.  I‚Äôm not sure if it hit that part of the country. Aside from the inconveniences, I‚Äôm guessing it could really cause problems with electronic transactions and reservations.  Some of this is selfish curiosity as I‚Äôll be walking the Primitivo in August.  Hope you are all safe out there.  ",22,2025-04-29 00:00:13,https://www.reddit.com/r/CaminoDeSantiago/comments/1kaagi0/how_did_the_power_outage_affect_pilgrims_on_the/
1k9t0sp,Power outage,hoihoi1231,Malaga,"It appears that there's national scale of power outage in Spain at the moment (thought it's just us and the neighbours initially)üòû
Anyone have any updates can you please share them with us?
Muchas gracias",18,2025-04-28 11:17:14,https://www.reddit.com/r/Malaga/comments/1k9t0sp/power_outage/
1k9zaxq,"Massive power outage in Spain, Portugal leaves millions in dark | Cause likely not malicious; Red Electrica blames outage on ""grid oscillation.""",ControlCAD,europe_sub,,23,2025-04-28 16:07:13,https://arstechnica.com/tech-policy/2025/04/massive-power-outage-in-spain-portugal-leaves-millions-in-dark/
1k9ta8j,Is there a power outage in Spain no power in La Herradura,mdesouza,GoingToSpain,,12,2025-04-28 11:32:24,https://www.reddit.com/r/GoingToSpain/comments/1k9ta8j/is_there_a_power_outage_in_spain_no_power_in_la/
1ka1sjd,Power Outage,mdbhln0,CaminoDeSantiago,"Starting my Camino from Porto in 8 days and reading through news reports saying they‚Äôre unable to determine when the power will be restored. 

Feeling a little anxious! What is everyone else thinking? Anyone in Portugal/Spain right now and can tell us how it is? ",1,2025-04-28 17:48:18,https://www.reddit.com/r/CaminoDeSantiago/comments/1ka1sjd/power_outage/
1k9t0z6,Power Outage?,Outrageous-Wait-8653,CaminoDeSantiago,"Is the power off where you are? No power in Caminha and the cafe owner is saying all of Portugal, Spain and parts of Italy are out.",18,2025-04-28 11:17:33,https://www.reddit.com/r/CaminoDeSantiago/comments/1k9t0z6/power_outage/
1kak016,Survived the great power outage in Spain - AMA,bangla_mate,AMA,I survived the great power outage in Spain (Madrid)‚Ä¶,0,2025-04-29 09:45:16,https://www.reddit.com/r/AMA/comments/1kak016/survived_the_great_power_outage_in_spain_ama/
1ka38nn,"Situation of Spain nuclear power plants following today's outage, from nuclear authority, translation in comment [TL;DR: textbook LOOP, exemplar, and that's why nobody will report about it]",233C,nuclear,,49,2025-04-28 18:46:50,https://www.csn.es/noticias-csn/2025/-/asset_publisher/9iAov9mrc931/content/informacion-sobre-el-estado-operativo-de-las-centrales-nucleares-espanolas
1k9vpj9,"Huge power outage strikes Spain, Portugal and France: Entire cities plunged into blackouts, transport networks shut down and internet is cut off in scenes of mayhem.  The power cuts come just days after Spain's power grid ran entirely on renewable energy, including wind, solar and hyrdro power",optionhome,climateskeptics,,106,2025-04-28 13:36:03,https://www.dailymail.co.uk/news/article-14655567/power-outage-Spain-Portugal-travel-chaos.html
1ka7cz0,"Passengers on the Artxanda funicular in Bilbao, Spain, descend on foot due to the massive power outage affecting Europe.",AsithaRT,interestingasfuck,,95,2025-04-28 21:38:07,https://v.redd.it/a1xzcv0kanxe1
1kars9a,"Spain experienced a nationwide power outage one week after reaching 100% ""green"" energy. Come enjoy the ironic videos.",M_i_c_K,AskThe_Donald,,177,2025-04-29 16:11:06,https://notthebee.com/article/spain-experienced-a-nationwide-power-outage-three-years-after-it-celebrated-the-end-of-its-nuclear-power-come-enjoy-the-ironic-videos
1ka5o3b,With the power outage in Spain/Portugal recommend me a movie that demonstrates the worst case doomesday scenario,jungleboy1234,MovieSuggestions,"So, what has happened recently in the news about the strange phenomenon which meant that most of Spain, some of Portugal went without power and there is now chaos!

Can someone recommend a movie that outlines a scenarios or scenarios of this happening on earth e.g. global cyberattack, loss of power etc. I would be interested to watch that as educational thing even though it will be fiction.

I just love movies that delve into fiction but end up being reality a few years later when technology or time catches up.

Thanks.",8,2025-04-28 20:26:48,https://www.reddit.com/r/MovieSuggestions/comments/1ka5o3b/with_the_power_outage_in_spainportugal_recommend/
1ka14og,Could the big Portugal and Spain grid outage be avoided by using DC everywhere?,ivoras,AskEngineers,I know generators produce AC but it's not unheard of to use high voltage DC for long distance power transmission. Why not just use it all the way?,0,2025-04-28 17:22:02,https://www.reddit.com/r/AskEngineers/comments/1ka14og/could_the_big_portugal_and_spain_grid_outage_be/
1kakidv,Power outages in Portugal and Spain,altertuga,Starlink,Is there anyone here from Portugal or Spain that went through the country-wide power outages yesterday?  I'm wondering if Starlink managed to stay up by routing to a connected ground station elsewhere or if it went off together with everything else.,5,2025-04-29 10:20:19,https://www.reddit.com/r/Starlink/comments/1kakidv/power_outages_in_portugal_and_spain/
1k9vfuk,"Massive power outages in Spain, Portugal, Madrid, parts of France.  Is this Putin?",Gloomy_Obligation333,conspiracy,,0,2025-04-28 13:23:34,https://www.reddit.com/r/conspiracy/comments/1k9vfuk/massive_power_outages_in_spain_portugal_madrid/
1kard6n,"Spain experienced a nationwide power outage one week after reaching 100% ""green"" energy. Come enjoy the ironic videos.",M_i_c_K,ConservativesOnly,,131,2025-04-29 15:54:10,https://notthebee.com/article/spain-experienced-a-nationwide-power-outage-three-years-after-it-celebrated-the-end-of-its-nuclear-power-come-enjoy-the-ironic-videos
1kah96h,What is the chanse the USA is behind the power outage in Spain?,Icy-Persimmon-9815,AskReddit,,0,2025-04-29 06:22:55,https://www.reddit.com/r/AskReddit/comments/1kah96h/what_is_the_chanse_the_usa_is_behind_the_power/
1k9wxkn,"Spain, Portugal hit with massive power outage, causing cities to standstill",triggernaut,Conservative,,55,2025-04-28 14:29:40,https://nypost.com/2025/04/28/world-news/spain-portugal-hit-with-massive-power-outage-causing-cities-to-standstill/
1ka6hox,Missed two lessons as a teacher because of the power outage in Spain,chongyunsite,iTalki,"Hello! Today, there was a power outage in Spain that affected my area for 10 hours straight. For these 10 hours, I had no electricity, Internet, data or even phone service (no calls or SMS).

I tried to warn my students in case data came back temporarily but it didn't, and the messages didn't get through. Both of them marked it as incomplete under 'teacher did not attent, no notice'. Am I meant to accept this or reject it? I don't want to be punished for something that wasn't my fault. I went out of my house several times trying to get some phone service because I was so desperate. Both were package lessons. How can I proceed so that I'm not punished, but my students get their credits back?

I'm sorry if this has been asked before. I've been looking it up but the stress from this and other issues (like all of the food I had in the fridge and freezer, not being able to contact my family) is making me crazy so I'm posting on here for some help.

I showed Customer Service proof and they said they'd help after the claim has been completed. They told me to respond to the 'incomplete' claims but I'm not sure if I'm meant to accept or reject.

I don't want it to affect the attendance rates in my profile. I've never missed, and never been late to a class. If I reject and say ""other"" and give proof of the outage and choose that I want the credits to be transferred back to them, will I be able to keep full attendance in my profile?",29,2025-04-28 21:01:28,https://www.reddit.com/r/iTalki/comments/1ka6hox/missed_two_lessons_as_a_teacher_because_of_the/
1k9uk3g,Major Power Outage Iberian Peninsula (Spain/Portugal) & Southern France,ArmChairAnalyst86,Disastro,"*We've got some breaking news from the Iberian Peninsula. Large parts of Spain and Portugal, including the bustling capitals of Madrid and Lisbon, are experiencing a major power outage.*

*Right now, it's unclear¬†what caused the blackout.*¬†

*Power outages over such a large area are unusual in these two countries.*¬†

*Parts of the Madrid underground are¬†being evacuated due to the power outage, Spanish radio stations reported.*

*The outage has also caused major traffic jams in the city's center as traffic lights stopped working.*

*In Portugal, several subway cars were also evacuated. People have rushed into the streets to find out what is happening, according to the LUSA news agency.*

*Electricity was not only out in Spain and Portugal; the French news agency AFP reported that part of southern*¬†[*France*](https://www.dw.com/en/france/t-19065412)¬†*was also hit by the massive power outage.*

*The cause of the blackout¬†was not immediately identified.*

*The*¬†[*European Commission*](https://www.dw.com/en/european-commission/t-17455066)¬†*said it was working with authorities to learn more about the power cuts across large parts of Spain, Portugal, and southern France.*

*""We are aware and working closely with the relevant authorities to better understand the situation. Notably we are in touch with the national authorities in Spain, Portugal as well as ENTSO-E \[European Network of Transmission System Operators for Electricity\],"" a spokesperson for the commission told DW.*

*The cause of the outage is not yet clear.*

*According to Portuguese newspaper¬†Expresso,¬†Portuguese distributor E-Redes said the outage was due to ""a problem*  
*with the European electricity system.""*

*Spanish newspaper¬†El Pais¬†reported that¬†authorities had¬†not ruled out a cyberattack.*¬†

More Information as it Becomes Available...",52,2025-04-28 12:40:33,https://www.dw.com/en/spain-portugal-hit-by-major-power-outage/live-72375202
1k9u1lg,Huge power outage cripples Spain and Portugal,sn0r,europeanunion,,45,2025-04-28 12:14:21,https://www.politico.eu/article/huge-blackouts-cripple-power-supply-in-spain-and-portugal/
1k9t3m1,"Breaking news. Spain, Portugal and parts of France hit by massive power outage",sir_suckalot,Energiewirtschaft,Tja,0,2025-04-28 11:21:49,https://www.euronews.com/my-europe/2025/04/28/spain-portugal-and-parts-of-france-hit-by-massive-power-outage
1k9xzbw,"Spain-Portugal power outage latest: Power cut chaos in Spain and Portugal caused by 'rare' atmospheric phenomenon, says operator",pudingleves,hungary,,6,2025-04-28 15:13:32,https://www.bbc.com/news/live/c9wpq8xrvd9t
1k9z6hq,Spain warned by USA. Being buddies with China is like ‚Äúcutting your own throat‚Äù - This was said a few days ago before the Spanish power outages and possible cyber attack.,Loud-Ad9148,conspiracy_commons,,20,2025-04-28 16:02:25,https://i.redd.it/kpv6vjqlllxe1.jpeg
1kahce9,"Spain and Portugal nationwide electrical outage: 60% of the power that was being consumed ""suddenly"" disappeared",-SQB-,VXJunkies,,40,2025-04-29 06:29:01,https://elpais.com/espana/2025-04-28/pedro-sanchez-todavia-se-estan-estudiando-las-causas-es-mejor-no-especular.html
1ka5ix4,"How the power outage of April 28, 2025, in Portugal and Spain impacted Internet traffic and connectivity",Cloudflare,CloudFlare,,39,2025-04-28 20:20:42,https://blog.cloudflare.com/how-power-outage-in-portugal-spain-impacted-internet/
1ka4g1h,This is why you carry some cash,LizinDC,travel,"So I'm in traveling in Spain. You might have heard about the  little power outage here (9 hours!!).  Fortunately I always carry cash, so was able to buy lunch and later a glass of wine (before all the bars and restaurants closed).  I often see comments on here about using your card for everything,  and I recognize today was unusual, but it's always a good idea to carry some cash.  (The ATMs didn't work either). All the power here in Oviedo has been restored.",1445,2025-04-28 19:36:26,https://www.reddit.com/r/travel/comments/1ka4g1h/this_is_why_you_carry_some_cash/
1k9xka6,Power outage in Portugal? What is going on... this tour is cursed,jkmuc_,GhostBand,"As news are that Spain and Portugal has been hit with a major power outage, no transportation, airports closed, no internet and cellphone connection.. network providers say it might be 10 or more hours until power is restored... the night before the Ghost Ritual in Lisbon, I can't help to wonder what is it with this tour? I am praying for the Lisbon Ritual Ghesties that this won't be the next cancellation WTF",11,2025-04-28 14:56:26,https://www.reddit.com/r/GhostBand/comments/1k9xka6/power_outage_in_portugal_what_is_going_on_this/
1kbidqc,Just went to the grocery store and am proud of Spaniards during the power outage,clintCamp,FuckNestle,"The Nestle water was still around. Water was working fine, but people were worried about pumps failing or boil mandates, but it wasn't really needed. Good job spain",87,2025-04-30 14:49:46,https://i.redd.it/6qf9li4jjzxe1.jpeg
1kbhpue,"Don‚Äôt blame renewables for Spain‚Äôs power outage (title of the Reuters article, but somewhat different conclusions)",GWahazar,europe,,0,2025-04-30 14:20:47,https://www.reuters.com/business/energy/dont-blame-renewables-spains-power-outage-bousso-2025-04-30/
1kajb1y,Live in Spain and I had to walk everywhere yesterday bc we had a national power outage,InspiraSean86,walking,,48,2025-04-29 08:53:32,https://i.redd.it/io20u282nqxe1.jpeg
1k9ucaz,Mass Power Outage Europe - Any correlation to sightings?,Personal_Extent_8562,UFOB,"Seeing the mass power outtage in Europe. 

Of course things have mundane explanations as well, not everything is a conspiracy,  but after the famous NY blackout July 1977and others, have to ask, or see, are there any correlations to large scale reports when power is restored...

https://www.euronews.com/my-europe/2025/04/28/spain-portugal-and-parts-of-france-hit-by-massive-power-outage",13,2025-04-28 12:29:42,https://www.euronews.com/my-europe/2025/04/28/spain-portugal-and-parts-of-france-hit-by-massive-power-outage
1k9z0xk,Spain warned by USA. Being buddies with China is like ‚Äúcutting your own throat‚Äù - This was said a few days ago before the Spanish power outages and possible cyber attack.,Loud-Ad9148,Cryptocurrencycat,"https://www.euronews.com/my-europe/2025/04/11/spains-pedro-sanchez-aims-for-closer-trade-ties-with-china-amid-us-tariffs-uncertainty
",2,2025-04-28 15:56:34,https://i.redd.it/kpv6vjqlllxe1.jpeg
1k9u7ap,Power Outage Spain,djseshlad,WorldofTanks,"I just activated my booster (gold) and started a game of Frontline, 2 minutes later the power cut across Europe.

What are the chances WG will refund me my booster? Should a log a ticket?",0,2025-04-28 12:22:42,https://www.reddit.com/r/WorldofTanks/comments/1k9u7ap/power_outage_spain/
1ka6zq1,It is not only spain and portugal affected by the power outage,AdQuiet2900,Opium_Opium,"i live in a northen african country and the power outage in europe caused the internet to go down and so all internet providers in my country offered a free one hour of calls for one day as a compensation , which is ridiculous üò≠
and the thing is ... internet is as fast as steven hawking in a marathon wtf dude",3,2025-04-28 21:22:23,https://www.reddit.com/r/Opium_Opium/comments/1ka6zq1/it_is_not_only_spain_and_portugal_affected_by_the/
1ka82se,"Spain and Portugal power outage: what caused it, and was there a cyber-attack? | Energy industry",CapitainChicken,geopolitics,,19,2025-04-28 22:09:10,https://www.theguardian.com/business/2025/apr/28/spain-and-portugal-power-outage-cause-cyber-attack-electricity
1ka1cyu,Spanish Power Outage Cyber Attack?,OppoObboObious,conspiracy,"If so, who would do it? Does Spain even have any enemies? ",1,2025-04-28 17:31:07,https://www.reddit.com/r/conspiracy/comments/1ka1cyu/spanish_power_outage_cyber_attack/
1kabcrh,Spain and Portugal power outage: Scramble as officials chase cause,thebadgerx,nasikatok,"Spain and Portugal goes into turmoil and Brunei says, 'Hold my beer.' ",0,2025-04-29 00:44:28,https://www.bbc.com/news/articles/cd6jenl581vo
1kalke7,Power Outage in Portugal,Em9994,AskPortugal,"Hi everyone, I just read about power outage that happened in Portugal and Spain, it sounds super scary that huge part stayed without electricity. Is the reason for that already known? Is this the first time? And more important question are ppl ok since many important institutions depends on it, such as hospitals, airports etc. ",4,2025-04-29 11:26:47,https://www.reddit.com/r/AskPortugal/comments/1kalke7/power_outage_in_portugal/
1k9xx9r,Ongoing nationwide power outages in Portugal and Spain are impacting Internet traffic. Traffic dropped by as much as 30% in Portugal and 37% in Spain at 10:30 UTC. We are continuing to monitor the situation.,demogabri,europe,,39,2025-04-28 15:11:05,https://radar.cloudflare.com/pt-br/traffic/pt?dateStart=2025-04-27
1k9tgay,Massive power outages in Spain Portugal and some of france,No_Contribution_32,teenagers,"https://www.bbc.co.uk/news/live/c9wpq8xrvd9t
Hope everyone in these countries are alright and haven't been too negatively affected

Anyone have some theories serious or not they'd like to share?",3,2025-04-28 11:41:57,https://www.reddit.com/r/teenagers/comments/1k9tgay/massive_power_outages_in_spain_portugal_and_some/
1kaauw8,"Could renewable energy be to blame for huge Spain blackout? How outage struck days after country's grid ran entirely on green power for the first time (renewable power is not your friend, crypto baggies)",Boo_Randy_II,Wallstreetsilver,,13,2025-04-29 00:19:39,https://www.dailymail.co.uk/news/article-14655733/How-huge-Spain-blackout-struck-days-grid-ran-entirely-green-power-time.html
1kar9tb,"Spain experienced a nationwide power outage one week after reaching 100% ""green"" energy. Come enjoy the ironic videos.",M_i_c_K,PoliticsWithRespect,,0,2025-04-29 15:50:16,https://notthebee.com/article/spain-experienced-a-nationwide-power-outage-three-years-after-it-celebrated-the-end-of-its-nuclear-power-come-enjoy-the-ironic-videos
1kan7sv,Europe suffers $100 billion power outage and blames . . . swamp gas?,baltimore-aureole,economy,"https://preview.redd.it/rmwyxzjdtrxe1.jpg?width=1200&format=pjpg&auto=webp&s=7f5c2be3918013557a4a691e6977bbfe37274a06

***Photo above*** *- Impressive, even when standing still. Bullet train service between Madrid and Lisbon was cancelled yesterday due to a lack of voltage. More details to follow as they get figured out . . .*

*‚ÄúHola . . . is this Portugal? Spain calling here. Say, do you guys have electricity? Mierda!. . . neither do we! Any theories? Yeah, we tried that already - pushing the reset button. Okay . . . thanks . . . we‚Äôll stay in touch.‚Äù*

That may or may not be an exact transcript of the call that took place between Madrid and Lisbon yesterday morning at 11:33 am local time. My sources will only say ‚Äúpossibly‚Äù. The more interesting part: 24 hours later, with power ‚Äúmostly‚Äù turned back on, the experts still can‚Äôt figure out what happened.

Portugal‚Äôs first theory was *‚Äúunexpected temperature changes making the power lines oscillate‚Äù.* Uh-huh. The European version of swamp gas, with a veneer of climate change thrown in for good measure. This immediately struck me as BS, and Portugal was forced to walk back this lame story almost immediately.

Spain was quick to declare ‚Äúdefinitely not a cyber-attack‚Äù, even though they don‚Äôt have any theories about what it actually was. Well, that‚Äôs fair enough. No need to panic the proletariat since Russia is already threatening to nuke a half dozen European capitals, and has been cutting transatlantic internet cables. If it had been a cyber-attack, some guy with a Rooshan accent would have told Spanish Prime Minister Pedro Sanchez to send a billion bitcoins somewhere, right?

In any case, Spanish trains are stuck in the middle of nowhere. People are trapped all day in elevators with no toilets. Airports can‚Äôt allow planes to take off or land. The lights in the hospital OR went out just as they were about to perform a liver transplant on some bullfighter who was gored the day before. It‚Äôs a mess. Estimates of economic losses run as high as $100 billion.

This is NOT a rant against our all-electric future. People have been dissing electricity ever since the days of Edison. The electric chair was used as the poster boy for dangerous home electrical wiring. Arguably electricity is safer ‚Äì and less costly to use ‚Äì than wood, coal, whale oil, candles, natural gas, and hamsters on treadmills.

There IS doubt about our legacy electric grid ‚Äì in Europe, North America, and everywhere in the 3rd world. It is decaying, unreliable, and can‚Äôt deal with the constantly rising demand for volts, amps, and watts. I may revise this snark if someone in Spain or Portugal finally comes clean on why they had the worst blackout in the history of planet Earth. Cuba . . . pipe down. We know you're without electricity most days too. Just shut up, okay?

In any case, the Madrid Open tennis matches were cancelled yesterday for superstars like Novak Djokovic. Next best thing on clay courts after the French Open at Roland Garros stadium. Hopefully play will resume today. If Russia doesn‚Äôt nuke any European capitols or break any more ceasefires in Ukraine.

I‚Äôm just sayin‚Äô . . .



**What caused power outages in Spain and Portugal?**",0,2025-04-29 12:54:10,https://www.reddit.com/r/economy/comments/1kan7sv/europe_suffers_100_billion_power_outage_and/
1ka1lyc,San Diego 2011 Blackout,salsanacho,sandiego,"With Spain and Portugal going through a massive power outage, reminded me of the San Diego blackout of 2011. Anyone have some ""fun"" stories about trying to get home that evening? I fortunately worked within walking distance since the streets were gridlocked, I saw some of my coworkers stuck in it. Some of them just gave up, bought a six pack from the local market with cash since credit cards were down, and sat in the parking lot having a few beers waiting for traffic to clear.

Edit: I'm loving the stories about all the block parties that sprung up. I had forgotten about how social everyone was during that evening. ",492,2025-04-28 17:41:07,https://www.reddit.com/r/sandiego/comments/1ka1lyc/san_diego_2011_blackout/
1k9yx8b,Portugal Power Outages,Long_Disaster_311,travel,"I have a trip planned to Portugal and France starting next Thursday the 7th. The power outages in Portugal/Spain/parts of France are making me nervous (and I hope everyone who is affected is okay, this is crazy and I can't help thinking of hospitals, etc.). I would really appreciate any advice or thoughts from people who might also be in similar scenario.

From what I've read online, hopefully they will get power back soon and I think it's likely that things will be back on track by the time I am arriving (?). I am nervous that there might be a similar outage/this has opened my eyes to the possibility of other issues that might not be covered by my credit cards.

I hadn't originally booked a travel insurance plan because I have some coverage through my VentureX and Bilt cards (main legs of flights from US and back booked on VentureX, flights within Portugal and France booked on Bilt), so they provide trip delay coverage. However, their trip interruption insurance only covers loss of family member and insolvency of travel companies. Looking into some other travel insurance plans, their trip interruption also includes natural disasters that leave your destination uninhabitable. My first thought was that this might be helpful in the event of another power outage. However, with the Allianz plan I was looking at, there is an exclusion for foreseeable events, and I'm assuming this would be one since I'd be buying the plan after a similar event occurred, so if another outage happens they might argue that this could have been predicted.

Can anyone give this anxious traveler some advice on whether there is even a plan that would help me this late in the game? Am I better off just sticking with my credit card insurance because even if I did purchase another plan it wouldn't actually help in this scenario? Thank you!",0,2025-04-28 15:52:29,https://www.reddit.com/r/travel/comments/1k9yx8b/portugal_power_outages/
1kagygt,MMW~Power outage in Spain was the start of a global ‚Äúphenomena‚Äù that will occur more and more frequently.,TakeTheWheelTV,MarkMyWords,"I personally believe this was a test attack by a larger nation. To see how the attack would work, to see how to country and ppl would react, and to gauge associated damages. I believe other countries will begin having similar outages over the following months. Power and phone data outages on mass scale. ",7,2025-04-29 06:02:38,https://www.reddit.com/r/MarkMyWords/comments/1kagygt/mmwpower_outage_in_spain_was_the_start_of_a/
1ka77n0,Massive power outage in Portugal and Spain,Professional_Diet_58,flashlight,,15,2025-04-28 21:31:48,https://imgur.com/a/XutqBkq
1k9xg7c,Large parts of Spain and Portugal hit by power outage | World News,Latter_Mortgage7456,eggfreezing,"Has anyone who froze eggs (or embryos) in Spain / Portugal gotten any updates on any impacts? I just reached out to my clinic in Barcelona, not sure if the internet is even back yet.",7,2025-04-28 14:51:41,https://news.sky.com/story/large-parts-of-spain-and-portugal-hit-by-power-outage-13357374
1kbde0q,Could Cern be the culprit for the power outage?,MinutesOfHorror,conspiracy,"https://home.cern/news/announcement/cern/central-heating-be-turned-28-april
Cern was turning off its central heating but is it possible cern was collecting energy from France and possibly Spain. Switching off certain things also effecting Spain? As France had an outage too. ",0,2025-04-30 10:45:35,https://i.redd.it/phl4hdsybyxe1.jpeg
1kapll7,Spain and Portugal suffer a massive power outage. Any Clue Why ?,caveTellurium,AskElectricians,,1,2025-04-29 14:41:23,https://cadenaser.com/nacional/2025/04/28/espana-sufre-un-apagon-electrico-masivo-en-todo-el-pais-cadena-ser/
1kalj51,Trouble finding wifi network following Spain power cut,WorldBowl,HomeNetworking,"Hey everyone. I hope I've come to the right place here.

I'm in Spain where there was a huge nationwide blackout yesterday. Power was restored and now everyone we know in our town has internet except us. Even when we didn't have internet, our home wifi was visible in the list of available wifi networks via our MacOS and iOS devices. It's just that we'd try to connect and pages would obviously fail to load.

However, following a complete reset of router and modem, they're no longer visible at all. We can see all of the networks of neighbors but ours just doesn't appear. Unfortunately, due to the ongoing issue (because some parts of Spain are still impacted), our ISP isn't helping us. This is despite the fact that we've tried to explain that we believe it's more to do with the reset than the original outage.

Anyway, I'm really at a loss as to what to do. For now I'm using my mobile data but that has a limit. I would like to maybe access the router admin panel but I don't know my router's IP (I can't see it on the router or the router box).

If anyone could help point me in the right direction, I'd really appreciate it. It's maybe evident in my message, but I'm not hugely tech-savvy! Thank you.",1,2025-04-29 11:24:48,https://www.reddit.com/r/HomeNetworking/comments/1kalj51/trouble_finding_wifi_network_following_spain/
1kajrs5,I Lost my 824-days Login Streak due to the Power Outage in Portugal and Spain - Can I Get It Back?,EasyAbility3232,Warthunder,"Yesterday there was a blackout in Portugal and Spain, and where I am in Spain the electricity only came back after midnight and this meant that I couldn't log in to War Thunder, because there was no mobile network or electricity. Is there any way to talk to support to solve the problem or do I have to start from scratch?",0,2025-04-29 09:28:01,https://www.reddit.com/r/Warthunder/comments/1kajrs5/i_lost_my_824days_login_streak_due_to_the_power/
1ka4y2g,Power outages,StinkyFlumbo,lanzarote,"Hi, has Lanzarote had any issues like with with the power outages across Spain?
Flying soon and was very worried!",0,2025-04-28 19:57:20,https://www.reddit.com/r/lanzarote/comments/1ka4y2g/power_outages/
1ka8erb,how does starlink perform during the massive power outage in spain?,panuvic,StarlinkEngineering,previously with the starlink madrid pop (which is still up and running) and now milan,18,2025-04-28 22:24:15,https://i.redd.it/62glgr69inxe1.png
1ka9sqh,Was the power outages in Spain and Europe predicted ?,Athanasia369,Bashar_Essassani,"Does anyone know if a psychic predicted the power outages on April 28, 2025 ? ",4,2025-04-28 23:28:09,https://www.reddit.com/r/Bashar_Essassani/comments/1ka9sqh/was_the_power_outages_in_spain_and_europe/
1kav7vq,Spain's national power outage. Weird?,krisdyabe,Kenya,,1,2025-04-29 18:29:41,https://i.redd.it/nim2xuhuhtxe1.png
1k9u3m5,Major Power Outage Hits Spain and Portugal,newswall-org,newswall,,2,2025-04-28 12:17:17,https://www.newswall.org/summary/reports-of-widespread-power-cuts-in-spain-and-portugal?post=57699561&mtm_campaign=r
1ka9e5q,"Large parts of Spain, Portugal struck by massive power outage",coinfanking,europeanunion,"A massive power outage hit Spain and Portugal on Monday, knocking out traffic lights and forcing the evacuation of subway systems in both countries, among other disruptions. It is being blamed on a ""rare atmospheric phenomenon,"" reports said.


""Due to extreme temperature variations in the interior of Spain, there were anomalous oscillations in the very high-voltage lines, a phenomenon known as induced atmospheric vibration,"" REN, Portugal's grid operator, was quoted as saying. ""These oscillations caused synchronization failures between the electrical systems, leading to successive disturbances across the interconnected European network.""


",20,2025-04-28 23:09:21,https://www.foxnews.com/world/large-parts-spain-portugal-struck-massive-power-outage
1ka5s6i,Power outage,Left_Inspection9012,NoStupidQuestions,"Howlong after country wide power outage is it safe to turn on electricity?
They say because of powerfluctuations better wait
But how long? Minutes hours?",0,2025-04-28 20:31:37,https://www.reddit.com/r/NoStupidQuestions/comments/1ka5s6i/power_outage/
1ka1yic,Spain Power Outage,fidydjof,IVF,Curious if any of you had been contacted by your IVF clinics in Spain due to the widespread power outages. What is their BCP plan if their generators don‚Äôt last? ,6,2025-04-28 17:54:58,https://www.reddit.com/r/IVF/comments/1ka1yic/spain_power_outage/
1kajwqk,"Power returned to Spain early Tuesday after a major blackout disrupted flights, metros, and communications across Spain and Portugal. Authorities said over 99 percent of energy demand was restored. What caused it? - They say it was a phenomenon known as ‚Äòinduced atmospheric vibration‚Äô.",FXgram_,XGramatikInsights,"The Portuguese prime minister, Lu√≠s Montenegro, said that the issue originated in Spain. Portugal‚Äôs REN said a ‚Äúrare atmospheric phenomenon‚Äù had caused a severe imbalance in temperatures that led to the widespread shutdowns.

REN said: ‚ÄúDue to extreme temperature variations in the interior of Spain, there were anomalous oscillations in the very high voltage lines (400 kV), a phenomenon known as ‚Äòinduced atmospheric vibration‚Äô. These oscillations caused synchronisation failures between the electrical systems, leading to successive disturbances across the interconnected European network.‚Äù

The European Council president, Ant√≥nio Costa, who was Portugal‚Äôs prime minister from 2015 to 2024, said ‚Äúthere is no evidence that it was a cyber-attack‚Äù, but cautioned that the ultimate cause was still unclear. Senior European Commission vice-president Teresa Ribera also told Spain‚Äôs¬†Radio 5¬†that there was no evidence of a deliberate act having caused the outage.

However, Spain‚Äôs national security council was convened on Monday to assess the outage. Portugal‚Äôs prime minister said it was too early to say for sure what caused the blackout.

Source: [https://www.theguardian.com/business/2025/apr/28/spain-and-portugal-power-outage-cause-cyber-attack-electricity](https://www.theguardian.com/business/2025/apr/28/spain-and-portugal-power-outage-cause-cyber-attack-electricity)",2,2025-04-29 09:38:20,https://www.reddit.com/gallery/1kajwqk
1kah67t,City wide power outage?,jonatzin,rome,"The power just went out at our apartment and with the recent power outages in Spain and Portugal I was wondering if things were cascading over here as well?

Edit: seems it's currently localized just to my street, fingers crossed it'll stay that way ",3,2025-04-29 06:17:22,https://www.reddit.com/r/rome/comments/1kah67t/city_wide_power_outage/
1ka9fg7,What are the most likely reasons for the recent power outages in Spain and Portugal?,Lost-In-The-Horizon,AskReddit,,3,2025-04-28 23:10:56,https://www.reddit.com/r/AskReddit/comments/1ka9fg7/what_are_the_most_likely_reasons_for_the_recent/
